parent_child,unrelated
0.53,0.343
0.532,0.318
0.503,0.328
0.505,0.343
0.489,0.352
0.515,0.34
0.505,0.337
0.522,0.372
0.519,0.315
0.497,0.33
0.517,0.332
0.519,0.348
0.492,0.352
0.523,0.324
0.513,0.346
0.486,0.312
0.481,0.344
0.484,0.301
0.469,0.343
0.512,0.327
0.465,0.333
0.491,0.335
0.502,0.337
0.488,0.337
0.496,0.351
0.52,0.324
0.481,0.358
0.477,0.323
0.502,0.312
0.516,0.337
0.491,0.372
0.49,0.342
0.482,0.322
0.492,0.332
0.511,0.331
0.503,0.367
0.491,0.349
0.488,0.33
0.476,0.348
0.494,0.338
0.502,0.318
0.504,0.319
0.487,0.344
0.486,0.324
0.514,0.336
0.499,0.305
0.48,0.353
0.53,0.34
0.527,0.342
0.495,0.325
0.527,0.336
0.496,0.337
0.489,0.325
0.495,0.328
0.506,0.323
0.515,0.33
0.506,0.34
0.514,0.318
0.479,0.337
0.515,0.345
0.51,0.344
0.505,0.342
0.512,0.34
0.512,0.355
0.554,0.341
0.466,0.33
0.515,0.348
0.476,0.331
0.492,0.335
0.508,0.354
0.479,0.318
0.487,0.326
0.486,0.328
0.515,0.336
0.502,0.336
0.523,0.337
0.477,0.32
0.462,0.354
0.506,0.331
0.51,0.332
0.486,0.338
0.504,0.353
0.491,0.339
0.493,0.351
0.499,0.329
0.524,0.339
0.496,0.358
0.499,0.333
0.483,0.348
0.508,0.321
0.486,0.342
0.488,0.33
0.478,0.327
0.471,0.329
0.498,0.349
0.477,0.333
0.493,0.333
0.5,0.344
0.516,0.342
0.515,0.326
0.489,0.339
0.486,0.341
0.503,0.352
0.507,0.351
0.51,0.301
0.495,0.325
0.495,0.353
0.495,0.35
0.495,0.305
0.503,0.342
0.485,0.349
0.535,0.332
0.537,0.321
0.498,0.344
0.505,0.326
0.51,0.316
0.522,0.339
0.504,0.307
0.512,0.28
0.518,0.321
0.503,0.323
0.485,0.333
0.486,0.326
0.496,0.332
0.503,0.359
0.5,0.343
0.487,0.34
0.501,0.329
0.516,0.337
0.513,0.334
0.461,0.321
0.5,0.349
0.499,0.36
0.501,0.356
0.5,0.321
0.483,0.334
0.502,0.336
0.504,0.339
0.522,0.346
0.492,0.33
0.502,0.352
0.521,0.332
0.492,0.331
0.517,0.332
0.499,0.322
0.522,0.346
0.503,0.332
0.493,0.307
0.505,0.332
0.487,0.333
0.537,0.344
0.484,0.3
0.501,0.316
0.516,0.342
0.511,0.345
0.475,0.321
0.487,0.34
0.496,0.299
0.498,0.343
0.494,0.318
0.473,0.318
0.506,0.334
0.494,0.297
0.512,0.34
0.5,0.35
0.505,0.318
0.521,0.302
0.53,0.337
0.51,0.335
0.506,0.304
0.465,0.349
0.493,0.346
0.513,0.359
0.526,0.354
0.51,0.342
0.486,0.343
0.502,0.341
0.5,0.339
0.507,0.323
0.503,0.334
0.532,0.325
0.485,0.321
0.502,0.357
0.473,0.342
0.497,0.318
0.489,0.344
0.489,0.331
0.503,0.362
0.512,0.321
0.51,0.33
0.48,0.35
0.483,0.312
0.51,0.328
0.501,0.313
0.507,0.349
0.502,0.334
0.505,0.329
0.485,0.333
0.498,0.327
0.498,0.314
0.492,0.357
0.518,0.332
0.497,0.341
0.495,0.304
0.504,0.326
0.454,0.333
0.492,0.337
0.486,0.34
0.484,0.322
0.498,0.323
0.506,0.339
0.488,0.321
0.526,0.331
0.512,0.316
0.484,0.324
0.502,0.326
0.467,0.338
0.515,0.35
0.493,0.321
0.495,0.331
0.504,0.306
0.472,0.338
0.508,0.342
0.489,0.347
0.509,0.336
0.476,0.332
0.49,0.323
0.51,0.33
0.503,0.363
0.508,0.333
0.51,0.323
0.501,0.339
0.488,0.315
0.514,0.305
0.498,0.343
0.482,0.343
0.515,0.31
0.502,0.353
0.501,0.349
0.516,0.347
0.483,0.327
0.472,0.311
0.498,0.338
0.492,0.339
0.503,0.343
0.516,0.318
0.495,0.347
0.508,0.334
0.532,0.342
0.491,0.336
0.5,0.342
0.517,0.341
0.489,0.323
0.478,0.329
0.501,0.346
0.525,0.351
0.485,0.347
0.501,0.317
0.493,0.326
0.497,0.337
0.492,0.311
0.473,0.326
0.493,0.314
0.525,0.349
0.496,0.302
0.497,0.289
0.508,0.349
0.502,0.33
0.514,0.34
0.49,0.359
0.521,0.358
0.524,0.32
0.477,0.351
0.494,0.363
0.497,0.347
0.512,0.337
0.469,0.334
0.521,0.35
0.509,0.345
0.497,0.328
0.471,0.353
0.498,0.325
0.483,0.338
0.492,0.324
0.495,0.366
0.522,0.332
0.526,0.335
0.525,0.306
0.502,0.321
0.512,0.37
0.495,0.324
0.506,0.306
0.509,0.32
0.5,0.323
0.516,0.337
0.482,0.325
0.499,0.32
0.506,0.323
0.491,0.343
0.479,0.338
0.502,0.338
0.489,0.314
0.477,0.322
0.498,0.336
0.49,0.321
0.501,0.336
0.533,0.333
0.538,0.307
0.508,0.342
0.477,0.319
0.521,0.303
0.505,0.329
0.509,0.34
0.505,0.325
0.499,0.327
0.494,0.337
0.492,0.318
0.496,0.317
0.514,0.334
0.516,0.343
0.478,0.347
0.501,0.341
0.516,0.34
0.52,0.344
0.516,0.311
0.465,0.31
0.515,0.329
0.501,0.327
0.513,0.314
0.494,0.332
0.496,0.349
0.512,0.352
0.492,0.305
0.491,0.331
0.501,0.339
0.489,0.359
0.498,0.331
0.493,0.338
0.512,0.38
0.479,0.328
0.476,0.347
0.507,0.311
0.485,0.338
0.518,0.363
0.499,0.342
0.488,0.336
0.484,0.338
0.507,0.341
0.481,0.326
0.486,0.353
0.498,0.34
0.501,0.33
0.496,0.366
0.501,0.335
0.492,0.347
0.513,0.34
0.504,0.309
0.5,0.356
0.528,0.33
0.504,0.324
0.498,0.342
0.525,0.344
0.479,0.327
0.507,0.335
0.5,0.351
0.507,0.319
0.52,0.315
0.497,0.326
0.471,0.299
0.467,0.325
0.476,0.317
0.507,0.318
0.498,0.323
0.487,0.347
0.492,0.329
0.501,0.344
0.507,0.33
0.485,0.338
0.541,0.324
0.501,0.33
0.491,0.33
0.498,0.323
0.484,0.305
0.474,0.311
0.493,0.33
0.515,0.348
0.519,0.333
0.491,0.327
0.507,0.327
0.506,0.317
0.524,0.326
0.508,0.314
0.508,0.355
0.521,0.348
0.501,0.313
0.519,0.301
0.483,0.295
0.499,0.362
0.529,0.35
0.532,0.356
0.492,0.343
0.484,0.315
0.503,0.329
0.453,0.333
0.486,0.33
0.489,0.337
0.523,0.339
0.49,0.336
0.518,0.335
0.487,0.34
0.497,0.344
0.477,0.326
0.487,0.321
0.488,0.356
0.506,0.327
0.49,0.333
0.494,0.33
0.495,0.334
0.472,0.342
0.498,0.323
0.516,0.329
0.472,0.35
0.48,0.354
0.462,0.332
0.51,0.34
0.481,0.348
0.492,0.339
0.496,0.317
0.485,0.298
0.483,0.338
0.529,0.347
0.496,0.332
0.506,0.321
0.499,0.324
0.509,0.36
0.503,0.339
0.492,0.335
0.487,0.317
0.504,0.304
0.518,0.334
0.481,0.325
0.514,0.332
0.503,0.311
0.503,0.338
0.492,0.319
0.474,0.323
0.505,0.346
0.501,0.312
0.509,0.314
0.505,0.324
0.517,0.338
0.497,0.353
0.506,0.312
0.501,0.353
0.501,0.348
0.526,0.345
0.511,0.327
0.493,0.331
0.508,0.304
0.499,0.341
0.49,0.347
0.469,0.336
0.501,0.315
0.507,0.321
0.487,0.33
0.491,0.35
0.494,0.372
0.507,0.348
0.51,0.377
0.52,0.317
0.496,0.354
0.504,0.354
0.489,0.338
0.498,0.336
0.485,0.346
0.486,0.328
0.513,0.336
0.52,0.346
0.495,0.337
0.5,0.337
0.477,0.345
0.524,0.346
0.477,0.344
0.489,0.339
0.514,0.324
0.499,0.343
0.48,0.344
0.483,0.335
0.503,0.314
0.527,0.348
0.515,0.338
0.498,0.358
0.511,0.347
0.496,0.333
0.5,0.309
0.485,0.338
0.482,0.334
0.517,0.298
0.521,0.352
0.49,0.322
0.496,0.335
0.509,0.327
0.461,0.334
0.506,0.335
0.504,0.341
0.512,0.353
0.512,0.324
0.498,0.35
0.497,0.342
0.482,0.347
0.504,0.338
0.514,0.325
0.484,0.348
0.515,0.313
0.529,0.339
0.51,0.345
0.492,0.337
0.502,0.314
0.491,0.33
0.485,0.299
0.522,0.333
0.508,0.349
0.484,0.349
0.511,0.358
0.501,0.332
0.511,0.321
0.486,0.318
0.476,0.349
0.489,0.306
0.482,0.324
0.499,0.329
0.517,0.342
0.514,0.315
0.502,0.348
0.476,0.322
0.508,0.357
0.515,0.334
0.49,0.344
0.52,0.316
0.479,0.32
0.504,0.311
0.513,0.357
0.502,0.338
0.488,0.323
0.499,0.323
0.489,0.332
0.486,0.326
0.521,0.344
0.534,0.338
0.511,0.345
0.489,0.311
0.508,0.346
0.525,0.332
0.516,0.32
0.528,0.359
0.484,0.327
0.52,0.342
0.545,0.336
0.511,0.325
0.504,0.32
0.503,0.315
0.485,0.296
0.496,0.332
0.506,0.35
0.48,0.339
0.511,0.343
0.485,0.367
0.52,0.329
0.54,0.335
0.479,0.318
0.482,0.32
0.49,0.316
0.487,0.324
0.459,0.325
0.504,0.327
0.497,0.332
0.505,0.339
0.502,0.345
0.492,0.326
0.472,0.342
0.514,0.326
0.503,0.336
0.511,0.338
0.482,0.326
0.492,0.319
0.507,0.327
0.512,0.348
0.52,0.357
0.488,0.337
0.529,0.339
0.506,0.329
0.499,0.31
0.481,0.32
0.495,0.327
0.509,0.349
0.473,0.328
0.501,0.331
0.524,0.335
0.522,0.341
0.498,0.33
0.483,0.32
0.498,0.317
0.495,0.308
0.501,0.315
0.494,0.318
0.481,0.316
0.481,0.302
0.5,0.354
0.503,0.318
0.51,0.318
0.488,0.337
0.498,0.306
0.485,0.336
0.5,0.369
0.509,0.342
0.511,0.338
0.479,0.319
0.487,0.344
0.517,0.324
0.496,0.34
0.497,0.323
0.479,0.333
0.492,0.327
0.536,0.301
0.461,0.339
0.507,0.325
0.503,0.361
0.488,0.334
0.491,0.325
0.506,0.334
0.481,0.358
0.511,0.343
0.512,0.333
0.473,0.342
0.475,0.331
0.475,0.333
0.51,0.356
0.517,0.337
0.51,0.321
0.521,0.312
0.507,0.295
0.534,0.327
0.485,0.346
0.501,0.31
0.507,0.33
0.485,0.338
0.494,0.32
0.497,0.331
0.511,0.338
0.476,0.326
0.52,0.308
0.505,0.315
0.52,0.303
0.462,0.342
0.47,0.351
0.481,0.329
0.497,0.357
0.486,0.354
0.506,0.309
0.49,0.317
0.481,0.368
0.509,0.356
0.479,0.328
0.495,0.315
0.495,0.344
0.515,0.312
0.51,0.33
0.498,0.322
0.486,0.332
0.49,0.323
0.523,0.351
0.493,0.343
0.488,0.341
0.475,0.338
0.515,0.359
0.499,0.323
0.506,0.334
0.52,0.353
0.508,0.347
0.497,0.344
0.494,0.354
0.501,0.307
0.506,0.339
0.495,0.33
0.496,0.308
0.474,0.338
0.496,0.356
0.49,0.353
0.478,0.33
0.495,0.32
0.506,0.333
0.497,0.334
0.481,0.338
0.523,0.336
0.514,0.303
0.506,0.339
0.454,0.304
0.487,0.361
0.492,0.35
0.494,0.331
0.487,0.36
0.515,0.335
0.523,0.337
0.503,0.334
0.5,0.349
0.499,0.326
0.509,0.333
0.501,0.321
0.473,0.356
0.507,0.344
0.507,0.338
0.522,0.336
0.498,0.339
0.492,0.311
0.516,0.332
0.519,0.349
0.53,0.333
0.508,0.331
0.491,0.351
0.511,0.331
0.498,0.333
0.495,0.319
0.5,0.342
0.506,0.348
0.505,0.329
0.482,0.328
0.495,0.337
0.501,0.346
0.534,0.332
0.485,0.323
0.513,0.363
0.5,0.335
0.495,0.344
0.49,0.332
0.497,0.325
0.479,0.337
0.471,0.341
0.507,0.302
0.47,0.348
0.528,0.347
0.517,0.31
0.487,0.327
0.503,0.327
0.49,0.325
0.529,0.325
0.512,0.337
0.519,0.358
0.501,0.339
0.491,0.345
0.482,0.336
0.506,0.322
0.514,0.332
0.516,0.337
0.488,0.35
0.516,0.336
0.49,0.347
0.511,0.328
0.471,0.325
0.502,0.352
0.476,0.356
0.529,0.339
0.51,0.352
0.488,0.334
0.517,0.334
0.515,0.356
0.518,0.335
0.526,0.336
0.495,0.325
0.513,0.356
0.498,0.347
0.491,0.362
0.516,0.333
0.505,0.331
0.503,0.317
0.487,0.353
0.544,0.315
0.497,0.334
0.488,0.315
0.489,0.34
0.517,0.346
0.486,0.343
0.529,0.329
0.491,0.328
0.506,0.329
0.532,0.334
0.485,0.338
0.501,0.325
0.5,0.316
0.52,0.353
0.508,0.335
0.5,0.326
0.521,0.323
0.485,0.345
0.485,0.323
0.499,0.343
0.511,0.337
0.52,0.337
0.504,0.321
0.498,0.34
0.513,0.312
0.541,0.342
0.496,0.344
0.511,0.33
0.491,0.336
0.51,0.341
0.514,0.318
0.49,0.313
0.485,0.32
0.495,0.335
0.507,0.331
0.496,0.336
0.478,0.339
0.489,0.333
0.504,0.312
0.507,0.335
0.518,0.354
0.507,0.353
0.511,0.346
0.468,0.34
0.501,0.299
0.521,0.324
0.507,0.344
0.497,0.355
0.525,0.32
0.5,0.334
0.501,0.333
0.501,0.327
0.509,0.327
0.498,0.325
0.478,0.348
0.524,0.334
0.496,0.362
0.514,0.312
0.517,0.334
0.517,0.321
0.507,0.306
0.495,0.312
0.464,0.332
0.495,0.317
0.476,0.331
0.485,0.346
0.477,0.329
0.483,0.338
0.46,0.334
0.497,0.334
0.54,0.338
0.482,0.322
0.502,0.336
0.484,0.373
0.501,0.368
0.494,0.327
0.497,0.34
0.483,0.329
0.496,0.311
0.503,0.331
0.502,0.338
0.529,0.346
0.505,0.345
0.51,0.283
0.518,0.335
0.479,0.323
0.508,0.318
0.502,0.343
0.501,0.341
0.495,0.303
0.492,0.327
0.476,0.345
0.518,0.353
0.484,0.337
0.473,0.34
0.504,0.33
0.485,0.326
0.481,0.312
0.506,0.318
0.506,0.329
0.496,0.311
0.478,0.359
0.482,0.345
0.474,0.34
0.477,0.355
0.508,0.336
0.493,0.362
0.497,0.344
0.496,0.348
0.513,0.324
0.474,0.322
0.518,0.315
0.505,0.334
0.505,0.339
0.493,0.369
0.503,0.344
0.517,0.296
0.474,0.347
0.515,0.34
0.506,0.348
0.5,0.353
0.489,0.337
0.515,0.349
0.52,0.325
0.483,0.323
0.48,0.303
0.487,0.366
0.471,0.316
0.53,0.332
0.519,0.362
0.496,0.323
0.495,0.341
0.503,0.32
0.506,0.319
0.492,0.343
0.488,0.312
0.483,0.335
0.509,0.347
0.511,0.315
0.479,0.315
0.503,0.33
0.472,0.354
0.516,0.339
0.498,0.33
0.477,0.31
0.506,0.345
0.506,0.333
0.507,0.334
0.506,0.364
0.498,0.339
0.479,0.362
0.522,0.328
0.497,0.322
0.504,0.347
0.489,0.334
0.505,0.323
0.52,0.324
0.465,0.339
0.497,0.342
0.49,0.32
0.508,0.328
0.501,0.299
0.535,0.312
0.485,0.361
0.506,0.326
0.483,0.328
0.518,0.343
0.513,0.319
0.485,0.351
0.524,0.351
0.503,0.319
0.471,0.334
0.487,0.329
0.499,0.334
0.481,0.331
0.523,0.345
0.536,0.345
0.499,0.341
0.537,0.34
0.522,0.338
0.499,0.321
0.492,0.336
0.472,0.33
0.466,0.339
0.487,0.333
0.513,0.364
0.468,0.351
0.496,0.304
0.556,0.343
0.512,0.352
0.525,0.32
0.483,0.309
0.488,0.323
0.495,0.343
0.494,0.337
0.498,0.343
0.49,0.335
0.524,0.331
0.52,0.335
0.486,0.35
0.49,0.33
0.505,0.366
0.507,0.32
0.491,0.332
0.502,0.345
0.494,0.343
0.519,0.347
0.513,0.332
0.498,0.35
0.517,0.323
0.507,0.337
0.514,0.301
0.488,0.339
0.485,0.352
0.469,0.341
0.508,0.329
0.478,0.339
0.479,0.293
0.514,0.302
0.491,0.342
0.542,0.343
0.493,0.333
0.513,0.346
0.497,0.381
0.491,0.34
