siblings,unrelated
0.726,0.319
0.707,0.326
0.715,0.34
0.702,0.326
0.708,0.323
0.735,0.34
0.708,0.343
0.751,0.35
0.695,0.343
0.687,0.33
0.706,0.332
0.728,0.341
0.716,0.324
0.714,0.336
0.714,0.338
0.723,0.332
0.71,0.349
0.734,0.328
0.72,0.328
0.704,0.334
0.689,0.344
0.743,0.357
0.681,0.354
0.717,0.337
0.68,0.363
0.688,0.328
0.72,0.346
0.707,0.309
0.719,0.329
0.692,0.347
0.715,0.312
0.713,0.362
0.719,0.319
0.7,0.324
0.702,0.345
0.69,0.314
0.703,0.333
0.736,0.357
0.726,0.329
0.711,0.362
0.701,0.34
0.736,0.34
0.707,0.343
0.708,0.343
0.685,0.321
0.707,0.329
0.686,0.312
0.72,0.344
0.725,0.316
0.71,0.318
0.704,0.351
0.676,0.317
0.709,0.324
0.683,0.316
0.72,0.309
0.71,0.361
0.709,0.35
0.702,0.353
0.72,0.343
0.69,0.321
0.704,0.32
0.737,0.328
0.707,0.335
0.719,0.342
0.707,0.319
0.722,0.335
0.727,0.319
0.696,0.348
0.737,0.353
0.706,0.361
0.708,0.308
0.742,0.304
0.713,0.37
0.729,0.33
0.724,0.337
0.711,0.336
0.708,0.335
0.701,0.304
0.698,0.336
0.692,0.348
0.698,0.331
0.702,0.344
0.7,0.33
0.686,0.298
0.719,0.333
0.712,0.343
0.708,0.342
0.72,0.319
0.713,0.309
0.688,0.316
0.681,0.341
0.723,0.338
0.71,0.32
0.721,0.33
0.715,0.327
0.703,0.327
0.708,0.306
0.686,0.336
0.715,0.338
0.703,0.336
0.724,0.327
0.694,0.335
0.691,0.326
0.715,0.322
0.719,0.363
0.711,0.339
0.717,0.362
0.702,0.327
0.696,0.335
0.706,0.337
0.701,0.359
0.734,0.33
0.672,0.312
0.702,0.332
0.715,0.325
0.726,0.331
0.7,0.323
0.706,0.333
0.723,0.322
0.703,0.326
0.7,0.328
0.726,0.321
0.684,0.341
0.708,0.343
0.721,0.341
0.708,0.34
0.699,0.324
0.715,0.316
0.716,0.331
0.721,0.335
0.708,0.31
0.703,0.337
0.721,0.331
0.71,0.351
0.714,0.371
0.694,0.353
0.706,0.339
0.699,0.344
0.721,0.318
0.703,0.293
0.718,0.359
0.702,0.356
0.698,0.328
0.684,0.332
0.715,0.293
0.714,0.325
0.686,0.326
0.71,0.347
0.717,0.335
0.713,0.337
0.711,0.358
0.724,0.323
0.719,0.328
0.725,0.321
0.722,0.317
0.685,0.336
0.707,0.334
0.719,0.32
0.698,0.335
0.71,0.328
0.714,0.344
0.672,0.321
0.685,0.345
0.71,0.328
0.703,0.324
0.692,0.306
0.719,0.349
0.707,0.366
0.715,0.346
0.703,0.339
0.716,0.322
0.716,0.329
0.701,0.342
0.71,0.319
0.69,0.323
0.72,0.327
0.72,0.349
0.706,0.334
0.708,0.344
0.708,0.354
0.691,0.348
0.713,0.345
0.713,0.326
0.698,0.328
0.711,0.352
0.679,0.33
0.706,0.333
0.735,0.329
0.698,0.315
0.728,0.326
0.703,0.302
0.685,0.34
0.682,0.347
0.711,0.35
0.696,0.354
0.698,0.325
0.666,0.322
0.715,0.319
0.712,0.335
0.701,0.34
0.711,0.34
0.687,0.344
0.704,0.326
0.691,0.327
0.698,0.309
0.718,0.333
0.725,0.34
0.71,0.328
0.703,0.346
0.717,0.333
0.727,0.364
0.689,0.338
0.711,0.31
0.721,0.345
0.731,0.336
0.704,0.305
0.723,0.33
0.729,0.348
0.712,0.352
0.709,0.344
0.702,0.32
0.706,0.34
0.719,0.328
0.708,0.338
0.71,0.329
0.724,0.339
0.713,0.349
0.712,0.353
0.703,0.328
0.681,0.318
0.744,0.332
0.702,0.314
0.705,0.318
0.707,0.309
0.707,0.339
0.687,0.343
0.726,0.343
0.699,0.356
0.712,0.35
0.713,0.338
0.7,0.352
0.695,0.31
0.711,0.322
0.698,0.335
0.724,0.323
0.702,0.31
0.694,0.33
0.703,0.325
0.728,0.345
0.692,0.314
0.713,0.341
0.715,0.328
0.71,0.333
0.721,0.322
0.696,0.351
0.689,0.372
0.69,0.377
0.69,0.333
0.712,0.323
0.717,0.334
0.706,0.315
0.719,0.328
0.669,0.326
0.705,0.348
0.721,0.347
0.706,0.351
0.681,0.334
0.714,0.358
0.696,0.346
0.721,0.314
0.709,0.328
0.704,0.321
0.708,0.319
0.738,0.357
0.713,0.336
0.719,0.326
0.722,0.322
0.686,0.33
0.683,0.359
0.719,0.337
0.702,0.342
0.715,0.325
0.721,0.352
0.704,0.33
0.697,0.347
0.707,0.322
0.706,0.339
0.702,0.336
0.71,0.323
0.698,0.363
0.714,0.307
0.729,0.33
0.694,0.328
0.701,0.333
0.69,0.344
0.702,0.346
0.689,0.313
0.702,0.337
0.71,0.347
0.695,0.345
0.735,0.338
0.71,0.322
0.705,0.332
0.733,0.33
0.715,0.338
0.705,0.326
0.703,0.344
0.695,0.311
0.716,0.345
0.72,0.326
0.696,0.33
0.72,0.288
0.699,0.336
0.715,0.347
0.701,0.319
0.708,0.335
0.717,0.32
0.717,0.321
0.702,0.304
0.719,0.324
0.702,0.322
0.73,0.347
0.721,0.335
0.698,0.356
0.687,0.342
0.702,0.319
0.673,0.351
0.705,0.364
0.701,0.336
0.732,0.314
0.704,0.311
0.724,0.348
0.681,0.332
0.733,0.34
0.698,0.324
0.712,0.346
0.729,0.326
0.716,0.338
0.697,0.336
0.713,0.339
0.731,0.318
0.699,0.367
0.711,0.33
0.71,0.339
0.697,0.329
0.735,0.341
0.695,0.337
0.707,0.321
0.712,0.313
0.706,0.34
0.678,0.306
0.708,0.326
0.713,0.323
0.714,0.331
0.7,0.323
0.709,0.319
0.703,0.313
0.716,0.326
0.702,0.34
0.717,0.324
0.692,0.313
0.712,0.331
0.713,0.365
0.71,0.344
0.712,0.352
0.713,0.331
0.722,0.328
0.714,0.338
0.732,0.334
0.712,0.339
0.7,0.34
0.708,0.338
0.706,0.345
0.691,0.343
0.705,0.343
0.72,0.319
0.716,0.291
0.69,0.301
0.701,0.352
0.693,0.344
0.693,0.327
0.703,0.312
0.72,0.337
0.727,0.323
0.717,0.347
0.734,0.319
0.707,0.341
0.712,0.318
0.705,0.325
0.721,0.293
0.734,0.352
0.723,0.334
0.705,0.338
0.707,0.318
0.723,0.318
0.709,0.328
0.69,0.35
0.737,0.329
0.68,0.365
0.705,0.299
0.702,0.352
0.72,0.323
0.731,0.319
0.707,0.341
0.715,0.324
0.717,0.318
0.694,0.312
0.698,0.34
0.717,0.333
0.708,0.351
0.714,0.334
0.711,0.331
0.684,0.332
0.7,0.334
0.7,0.337
0.725,0.331
0.718,0.3
0.715,0.336
0.705,0.35
0.711,0.332
0.723,0.357
0.713,0.317
0.698,0.319
0.68,0.338
0.664,0.336
0.689,0.334
0.713,0.335
0.712,0.347
0.711,0.337
0.705,0.307
0.715,0.341
0.697,0.345
0.685,0.351
0.683,0.319
0.688,0.323
0.696,0.336
0.716,0.355
0.717,0.32
0.737,0.327
0.726,0.337
0.711,0.325
0.728,0.357
0.671,0.338
0.711,0.326
0.72,0.338
0.713,0.344
0.721,0.341
0.705,0.329
0.713,0.312
0.689,0.339
0.71,0.325
0.689,0.306
0.687,0.359
0.716,0.323
0.716,0.322
0.694,0.341
0.717,0.314
0.714,0.328
0.698,0.353
0.705,0.318
0.724,0.33
0.707,0.322
0.685,0.339
0.71,0.322
0.681,0.342
0.706,0.335
0.724,0.32
0.714,0.309
0.711,0.335
0.713,0.349
0.693,0.33
0.713,0.327
0.696,0.33
0.713,0.358
0.68,0.328
0.699,0.324
0.72,0.345
0.751,0.35
0.689,0.314
0.692,0.365
0.713,0.372
0.709,0.332
0.711,0.353
0.7,0.339
0.736,0.334
0.71,0.33
0.725,0.318
0.688,0.345
0.682,0.332
0.707,0.32
0.711,0.317
0.699,0.324
0.716,0.322
0.744,0.332
0.699,0.339
0.705,0.331
0.714,0.319
0.707,0.31
0.688,0.322
0.691,0.345
0.705,0.323
0.721,0.345
0.711,0.343
0.728,0.352
0.734,0.354
0.707,0.335
0.705,0.314
0.731,0.346
0.72,0.339
0.743,0.324
0.711,0.294
0.701,0.345
0.721,0.33
0.714,0.336
0.681,0.303
0.719,0.35
0.707,0.347
0.706,0.34
0.705,0.323
0.699,0.324
0.713,0.305
0.718,0.374
0.722,0.318
0.706,0.347
0.691,0.322
0.694,0.318
0.709,0.347
0.724,0.302
0.696,0.333
0.704,0.331
0.689,0.336
0.729,0.343
0.708,0.324
0.698,0.317
0.712,0.356
0.727,0.329
0.724,0.345
0.711,0.31
0.68,0.34
0.736,0.32
0.695,0.323
0.702,0.328
0.714,0.348
0.703,0.329
0.693,0.347
0.707,0.323
0.731,0.329
0.689,0.354
0.731,0.311
0.702,0.327
0.704,0.301
0.711,0.347
0.682,0.34
0.702,0.329
0.727,0.328
0.694,0.331
0.709,0.315
0.718,0.335
0.683,0.342
0.729,0.337
0.691,0.337
0.707,0.322
0.706,0.342
0.728,0.295
0.7,0.329
0.728,0.355
0.707,0.335
0.696,0.333
0.71,0.34
0.707,0.336
0.686,0.346
0.714,0.354
0.684,0.325
0.724,0.316
0.711,0.348
0.695,0.329
0.702,0.347
0.713,0.33
0.706,0.312
0.694,0.348
0.713,0.326
0.69,0.323
0.724,0.348
0.701,0.321
0.708,0.333
0.696,0.326
0.711,0.349
0.677,0.338
0.701,0.338
0.716,0.328
0.709,0.322
0.716,0.317
0.716,0.33
0.69,0.319
0.711,0.352
0.693,0.336
0.706,0.357
0.706,0.349
0.727,0.318
0.696,0.36
0.727,0.353
0.717,0.312
0.72,0.303
0.712,0.321
0.71,0.368
0.722,0.368
0.71,0.317
0.715,0.331
0.708,0.306
0.716,0.35
0.71,0.316
0.723,0.354
0.734,0.332
0.719,0.33
0.702,0.315
0.735,0.334
0.706,0.31
0.686,0.339
0.732,0.302
0.707,0.327
0.737,0.331
0.688,0.331
0.689,0.348
0.718,0.348
0.702,0.342
0.719,0.316
0.701,0.338
0.713,0.319
0.699,0.325
0.695,0.32
0.722,0.313
0.704,0.355
0.695,0.312
0.7,0.333
0.71,0.333
0.691,0.377
0.677,0.327
0.681,0.338
0.711,0.341
0.74,0.357
0.675,0.329
0.718,0.326
0.694,0.315
0.698,0.343
0.693,0.298
0.695,0.33
0.711,0.337
0.718,0.365
0.717,0.345
0.705,0.347
0.73,0.326
0.699,0.324
0.708,0.342
0.729,0.336
0.702,0.34
0.7,0.333
0.72,0.32
0.707,0.323
0.703,0.346
0.726,0.32
0.713,0.338
0.694,0.354
0.709,0.327
0.726,0.349
0.683,0.326
0.696,0.335
0.737,0.347
0.701,0.327
0.684,0.333
0.678,0.33
0.678,0.345
0.72,0.307
0.67,0.342
0.693,0.324
0.698,0.355
0.683,0.368
0.705,0.332
0.715,0.331
0.719,0.344
0.727,0.321
0.717,0.345
0.697,0.361
0.7,0.335
0.706,0.341
0.703,0.33
0.685,0.348
0.709,0.33
0.679,0.335
0.726,0.328
0.677,0.338
0.71,0.353
0.742,0.348
0.72,0.331
0.696,0.336
0.725,0.315
0.73,0.341
0.717,0.323
0.7,0.36
0.728,0.313
0.728,0.302
0.72,0.358
0.693,0.319
0.719,0.347
0.724,0.331
0.724,0.314
0.709,0.319
0.719,0.359
0.704,0.315
0.739,0.351
0.704,0.353
0.707,0.348
0.699,0.357
0.705,0.331
0.708,0.308
0.732,0.342
0.699,0.324
0.705,0.342
0.702,0.326
0.712,0.343
0.698,0.332
0.724,0.348
0.714,0.333
0.714,0.327
0.717,0.326
0.705,0.317
0.678,0.338
0.716,0.33
0.697,0.326
0.677,0.349
0.71,0.343
0.695,0.334
0.694,0.33
0.728,0.329
0.691,0.322
0.723,0.336
0.688,0.336
0.705,0.32
0.706,0.343
0.703,0.325
0.701,0.34
0.698,0.349
0.702,0.337
0.698,0.305
0.708,0.332
0.693,0.326
0.707,0.346
0.721,0.336
0.736,0.32
0.699,0.316
0.703,0.318
0.714,0.338
0.722,0.325
0.702,0.317
0.692,0.331
0.674,0.326
0.701,0.345
0.71,0.316
0.683,0.341
0.693,0.317
0.719,0.309
0.715,0.334
0.678,0.316
0.711,0.327
0.698,0.314
0.72,0.346
0.704,0.355
0.697,0.361
0.69,0.355
0.722,0.331
0.709,0.336
0.748,0.349
0.72,0.35
0.721,0.35
0.703,0.318
0.719,0.338
0.72,0.333
0.7,0.324
0.699,0.344
0.713,0.353
0.703,0.356
0.686,0.346
0.72,0.358
0.703,0.344
0.71,0.323
0.704,0.325
0.727,0.325
0.719,0.351
0.703,0.331
0.7,0.328
0.698,0.341
0.717,0.35
0.71,0.34
0.685,0.333
0.708,0.35
0.707,0.351
0.713,0.33
0.713,0.321
0.718,0.308
0.684,0.325
0.745,0.313
0.704,0.337
0.7,0.362
0.719,0.368
0.698,0.333
0.719,0.325
0.677,0.355
0.704,0.337
0.709,0.332
0.698,0.343
0.716,0.334
0.707,0.33
0.715,0.335
0.706,0.364
0.72,0.349
0.693,0.352
0.711,0.331
0.691,0.359
0.699,0.331
0.726,0.347
0.71,0.339
0.707,0.333
0.72,0.343
0.725,0.324
0.719,0.33
0.72,0.311
0.689,0.326
0.721,0.34
0.721,0.34
0.719,0.331
0.725,0.345
0.704,0.351
0.711,0.343
0.698,0.318
0.694,0.33
0.709,0.318
0.704,0.328
0.721,0.335
0.682,0.304
0.692,0.372
0.709,0.33
0.704,0.339
0.704,0.33
0.693,0.333
0.699,0.293
0.735,0.334
0.731,0.372
0.712,0.323
0.701,0.342
0.73,0.333
0.736,0.329
0.701,0.328
0.729,0.351
0.714,0.356
0.723,0.366
0.723,0.346
0.689,0.349
0.715,0.341
0.703,0.333
0.718,0.355
0.692,0.32
0.685,0.33
0.68,0.357
0.697,0.303
0.697,0.329
0.716,0.354
0.692,0.318
0.711,0.32
0.717,0.355
0.718,0.335
0.714,0.339
0.693,0.337
0.692,0.349
0.707,0.36
0.702,0.368
0.711,0.327
0.703,0.3
0.721,0.308
0.727,0.344
0.703,0.344
0.712,0.335
0.713,0.315
0.707,0.326
0.682,0.317
0.707,0.352
0.708,0.359
0.714,0.319
0.743,0.322
0.719,0.348
0.708,0.346
0.706,0.333
0.71,0.34
0.711,0.34
0.697,0.329
0.725,0.322
0.7,0.318
0.707,0.328
0.686,0.333
0.708,0.324
0.706,0.341
0.714,0.327
0.707,0.354
0.691,0.329
0.699,0.325
0.69,0.341
0.68,0.346
0.685,0.335
0.685,0.337
0.704,0.323
0.683,0.341
0.708,0.336
0.71,0.326
0.713,0.313
0.747,0.342
0.719,0.326
0.737,0.328
0.707,0.328
0.719,0.333
0.695,0.344
0.725,0.307
0.697,0.345
0.704,0.327
0.728,0.336
0.724,0.317
0.709,0.317
0.707,0.318
0.717,0.338
0.726,0.313
0.703,0.324
0.703,0.356
0.722,0.345
0.714,0.323
0.705,0.347
0.714,0.327
0.706,0.336
0.728,0.341
0.695,0.347
0.676,0.351
0.715,0.333
0.724,0.335
0.718,0.323
0.703,0.331
0.684,0.367
0.735,0.341
0.712,0.35
0.699,0.328
0.72,0.345
0.712,0.33
0.707,0.346
0.707,0.328
0.741,0.334
0.709,0.346
0.72,0.329
0.718,0.309
0.714,0.329
0.71,0.349
0.712,0.35
0.712,0.311
0.687,0.331
0.705,0.316
0.725,0.345
0.729,0.358
0.704,0.338
0.712,0.334
0.708,0.348
0.668,0.328
0.72,0.329
0.71,0.309
0.708,0.323
0.692,0.341
0.703,0.322
0.701,0.351
0.726,0.338
0.707,0.343
0.703,0.32
0.704,0.304
0.699,0.318
0.699,0.344
0.721,0.348
0.72,0.329
0.718,0.338
0.706,0.319
0.701,0.311
0.699,0.339
0.705,0.335
0.695,0.327
0.706,0.323
0.7,0.329
0.715,0.342
0.707,0.312
0.688,0.343
0.707,0.342
0.709,0.321
0.699,0.342
0.71,0.337
0.74,0.353
0.714,0.34
0.719,0.332
0.702,0.327
0.704,0.338
0.704,0.339
